{
  "homography": [
    [
      0.3157099783420563,
      -0.0,
      -74.50755310058594
    ],
    [
      0.0,
      -0.32055214047431946,
      217.9754638671875
    ],
    [
      0.0,
      -0.0,
      1.0
    ]
  ],
  "src_pts": [
    [
      236.0,
      680.0
    ],
    [
      898.0,
      680.0
    ],
    [
      898.0,
      28.0
    ],
    [
      236.0,
      28.0
    ]
  ],
  "table_width_mm": 209.0,
  "table_height_mm": 209.0,
  "saved_at": "2026-05-11T16:26:17",
  "zoom": 2.0,
  "width": 1280,
  "height": 720,
  "undistort": true
}