{
  "homography": [
    [
      0.3235294222831726,
      -0.0,
      -78.94117736816406
    ],
    [
      6.386901061027322e-17,
      -0.319571852684021,
      212.83486938476562
    ],
    [
      0.0,
      -0.0,
      1.0
    ]
  ],
  "src_pts": [
    [
      244.0,
      666.0
    ],
    [
      890.0,
      666.0
    ],
    [
      890.0,
      12.0
    ],
    [
      244.0,
      12.0
    ]
  ],
  "table_width_mm": 209.0,
  "table_height_mm": 209.0,
  "saved_at": "2026-05-07T11:07:47",
  "zoom": 2.0,
  "width": 1280,
  "height": 720,
  "undistort": true
}