{
  "homography": [
    [
      0.319571852684021,
      -0.0,
      -100.98471069335938
    ],
    [
      2.930073245626572e-17,
      -0.3235294222831726,
      212.88235473632812
    ],
    [
      0.0,
      -0.0,
      1.0
    ]
  ],
  "src_pts": [
    [
      316.0,
      658.0
    ],
    [
      970.0,
      658.0
    ],
    [
      970.0,
      12.0
    ],
    [
      316.0,
      12.0
    ]
  ],
  "table_width_mm": 209.0,
  "table_height_mm": 209.0,
  "saved_at": "2026-04-30T17:51:56",
  "zoom": 2.0,
  "width": 1280,
  "height": 720,
  "undistort": true
}