{
  "homography": [
    [
      0.319571852684021,
      1.0092666400234068e-17,
      -83.08868408203125
    ],
    [
      -3.1095962539689554e-17,
      -0.319571852684021,
      217.94801330566406
    ],
    [
      -8.126522190692994e-20,
      4.829027101709157e-20,
      1.0
    ]
  ],
  "src_pts": [
    [
      260.0,
      682.0
    ],
    [
      914.0,
      682.0
    ],
    [
      914.0,
      28.0
    ],
    [
      260.0,
      28.0
    ]
  ],
  "table_width_mm": 209.0,
  "table_height_mm": 209.0,
  "saved_at": "2026-05-12T17:22:45",
  "zoom": 2.0,
  "width": 1280,
  "height": 720,
  "undistort": true
}