{
  "homography": [
    [
      0.3154078722000122,
      -0.0,
      -89.5758285522461
    ],
    [
      0.0,
      -0.3154078722000122,
      220.15469360351562
    ],
    [
      0.0,
      -0.0,
      1.0
    ]
  ],
  "src_pts": [
    [
      284.0,
      698.0
    ],
    [
      946.0,
      698.0
    ],
    [
      946.0,
      36.0
    ],
    [
      284.0,
      36.0
    ]
  ],
  "table_width_mm": 208.8,
  "table_height_mm": 208.8,
  "saved_at": "2026-04-30T15:45:10",
  "zoom": 2.0,
  "width": 1280,
  "height": 720,
  "undistort": true
}